{"cameraMode":{"drawMode":0,"name":"Shaded","section":"Shading Mode"},"sceneLighting":true,"audioPlay":false,"sceneViewState":{"m_AlwaysRefresh":false,"showFog":true,"showSkybox":true,"showFlares":true,"showImageEffects":true,"showParticleSystems":true,"showVisualEffectGraphs":true,"m_FxEnabled":true},"in2DMode":false,"pivot":{"x":34.531768798828128,"y":-1.3387640714645386,"z":7.320681571960449},"rotation":{"x":-0.005980333313345909,"y":-0.9925490617752075,"z":0.05454385653138161,"w":-0.10882316529750824},"size":12.211752891540528,"orthographic":false}